Iteration,HHO_Mean,HHO_Std,MHHO_Mean,MHHO_Std
1,0.976202,,0.976202,0.002720
2,0.977404,,0.976562,0.002890
3,0.977644,,0.976923,0.002380
4,0.977644,,0.977284,0.001870
5,0.977644,,0.977284,0.001870
6,0.977644,,0.977524,0.001870
7,0.977644,,0.977524,0.001870
8,0.977644,,0.977524,0.001870
9,0.977885,,0.977764,0.001530
10,0.977885,,0.977764,0.001530
11,0.977885,,0.977764,0.001530
12,0.977885,,0.977764,0.001530
13,0.977885,,0.977764,0.001530
14,0.977885,,0.978005,0.001530
15,0.977885,,0.978005,0.001530
16,0.977885,,0.978005,0.001530
17,0.977885,,0.978365,0.001020
18,0.977885,,0.978365,0.001020
19,0.977885,,0.978365,0.001020
20,0.977885,,0.978365,0.001020
21,0.977885,,0.978486,0.001190
22,0.977885,,0.978486,0.001190
23,0.977885,,0.978486,0.001190
24,0.977885,,0.978486,0.001190
25,0.977885,,0.978486,0.001190
26,0.977885,,0.978486,0.001190
27,0.977885,,0.978486,0.001190
28,0.977885,,0.978486,0.001190
29,0.977885,,0.978486,0.001190
30,0.977885,,0.978486,0.001190
