Model,Mean_Improvement_%,Std_Improvement_%,Gain_over_HHO_%
HHO,0.3456910761965134,0.27469896258308757,0.0
MHHO,0.21675766428783833,0.10746538533288329,-0.12893341190867508
